(1, Clear Prism, ../../assets/material-icons/clear-prism.png, Stone),
(2, Terebinth, ../../assets/material-icons/terebinth.png, Dye),
(3, Snow White Dye, ../../assets/material-icons/snow-white-dye.png, Dye),
(4, Ash Grey Dye, ../../assets/material-icons/ash-grey-dye.png, Dye),
(5, Goobbue Grey Dye, ../../assets/material-icons/goobbue-grey-dye.png, Dye),
(6, Slate Grey Dye, ../../assets/material-icons/slate-grey-dye.png, Dye),
(7, Charcoal Grey Dye, ../../assets/material-icons/charcoal-grey-dye.png, Dye),
(8, Soot Black Dye, ../../assets/material-icons/soot-black-dye.png, Dye),
(9, Rose Pink Dye, ../../assets/material-icons/rose-pink-dye.png, Dye),
(10, Lilac Purple Dye, ../../assets/material-icons/lilac-purple-dye.png, Dye),
(11, Rolanberry Red Dye, ../../assets/material-icons/rolanberry-red-dye.png, Dye),
(12, Dalamud Red Dye, ../../assets/material-icons/dalamud-red-dye.png, Dye),
(13, Rust Red Dye, ../../assets/material-icons/rust-red-dye.png, Dye),
(14, Wine Red Dye, ../../assets/material-icons/wine-red-dye.png, Dye),
(15, Coral Pink Dye, ../../assets/material-icons/coral-pink-dye.png, Dye),
(16, Blood Red Dye, ../../assets/material-icons/blood-red-dye.png, Dye),
(17, Salmon Pink Dye, ../../assets/material-icons/salmon-pink-dye.png, Dye),
(18, Ruby Red Dye, ../../assets/material-icons/ruby-red-dye.png, Dye),
(19, Cherry Pink Dye, ../../assets/material-icons/cherry-pink-dye.png, Dye),
(20, Sunset Orange Dye, ../../assets/material-icons/sunset-orange-dye.png, Dye),
(21, Mesa Red Dye, ../../assets/material-icons/mesa-red-dye.png, Dye),
(22, Bark Brown Dye, ../../assets/material-icons/bark-brown-dye.png, Dye),
(23, Chocolate Brown Dye, ../../assets/material-icons/chocolate-brown-dye.png, Dye),
(24, Russet Brown Dye, ../../assets/material-icons/russet-brown-dye.png, Dye),
(25, Kobold Brown Dye, ../../assets/material-icons/kobold-brown-dye.png, Dye),
(26, Cork Brown Dye, ../../assets/material-icons/cork-brown-dye.png, Dye),
(27, Qiqirn Brown Dye, ../../assets/material-icons/qiqirn-brown-dye.png, Dye),
(28, Opo-opo Brown Dye, ../../assets/material-icons/opo-opo-brown-dye.png, Dye),
(29, Aldgoat Brown Dye, ../../assets/material-icons/aldgoat-brown-dye.png, Dye),
(30, Pumpkin Orange Dye, ../../assets/material-icons/pumpkin-orange-dye.png, Dye),
(31, Acorn Brown Dye, ../../assets/material-icons/acorn-brown-dye.png, Dye),
(32, Orchard Brown Dye, ../../assets/material-icons/orchard-brown-dye.png, Dye),
(33, Chestnut Brown Dye, ../../assets/material-icons/chestnut-brown-dye.png, Dye),
(34, Gobbiebag Brown Dye, ../../assets/material-icons/gobbiebag-brown-dye.png, Dye),
(35, Shale Brown Dye, ../../assets/material-icons/shale-brown-dye.png, Dye),
(36, Mole Brown Dye, ../../assets/material-icons/mole-brown-dye.png, Dye),
(37, Loam Brown Dye, ../../assets/material-icons/loam-brown-dye.png, Dye),
(38, Bone White Dye, ../../assets/material-icons/bone-white-dye.png, Dye),
(39, Ul Brown Dye, ../../assets/material-icons/ul-brown-dye.png, Dye),
(40, Desert Yellow Dye, ../../assets/material-icons/desert-yellow-dye.png, Dye),
(41, Honey Yellow Dye, ../../assets/material-icons/honey-yellow-dye.png, Dye),
(42, Millioncorn Yellow Dye, ../../assets/material-icons/millioncorn-yellow-dye.png, Dye),
(43, Coeurl Yellow Dye, ../../assets/material-icons/coeurl-yellow-dye.png, Dye),
(44, Cream Yellow Dye, ../../assets/material-icons/cream-yellow-dye.png, Dye),
(45, Halatali Yellow Dye, ../../assets/material-icons/halatali-yellow-dye.png, Dye),
(46, Raisin Brown Dye, ../../assets/material-icons/raisin-brown-dye.png, Dye),
(47, Canary Yellow Dye, ../../assets/material-icons/canary-yellow-dye.png, Dye),
(48, Vanilla Yellow Dye, ../../assets/material-icons/vanilla-yellow-dye.png, Dye),
(49, Mud Green Dye, ../../assets/material-icons/mud-green-dye.png, Dye),
(50, Sylph Green Dye, ../../assets/material-icons/sylph-green-dye.png, Dye),
(51, Lime Green Dye, ../../assets/material-icons/lime-green-dye.png, Dye),
(52, Moss Green Dye, ../../assets/material-icons/moss-green-dye.png, Dye),
(53, Meadow Green Dye, ../../assets/material-icons/meadow-green-dye.png, Dye),
(54, Olive Green Dye, ../../assets/material-icons/olive-green-dye.png, Dye),
(55, Marsh Green Dye, ../../assets/material-icons/marsh-green-dye.png, Dye),
(56, Apple Green Dye, ../../assets/material-icons/apple-green-dye.png, Dye),
(57, Cactuar Green Dye, ../../assets/material-icons/cactuar-green-dye.png, Dye),
(58, Hunter Green Dye, ../../assets/material-icons/hunter-green-dye.png, Dye),
(59, Ochu Green Dye, ../../assets/material-icons/ochu-green-dye.png, Dye),
(60, Adamantoise Green Dye, ../../assets/material-icons/adamantoise-green-dye.png, Dye),
(61, Nophica Green Dye, ../../assets/material-icons/nophica-green-dye.png, Dye),
(62, Deepwood Green Dye, ../../assets/material-icons/deepwood-green-dye.png, Dye),
(63, Celeste Green Dye, ../../assets/material-icons/celeste-green-dye.png, Dye),
(64, Turquoise Green Dye, ../../assets/material-icons/turquoise-green-dye.png, Dye),
(65, Morbol Green Dye, ../../assets/material-icons/morbol-green-dye.png, Dye),
(66, Ice Blue Dye, ../../assets/material-icons/ice-blue-dye.png, Dye),
(67, Sky Blue Dye, ../../assets/material-icons/sky-blue-dye.png, Dye),
(68, Seafog Blue Dye, ../../assets/material-icons/seafog-blue-dye.png, Dye),
(69, Peacock Blue Dye, ../../assets/material-icons/peacock-blue-dye.png, Dye),
(70, Rhotano Blue Dye, ../../assets/material-icons/rhotano-blue-dye.png, Dye),
(71, Corpse Blue Dye, ../../assets/material-icons/corpse-blue-dye.png, Dye),
(72, Ceruleum Blue Dye, ../../assets/material-icons/ceruleum-blue-dye.png, Dye),
(73, Woad Blue Dye, ../../assets/material-icons/woad-blue-dye.png, Dye),
(74, Ink Blue Dye, ../../assets/material-icons/ink-blue-dye.png, Dye),
(75, Raptor Blue Dye, ../../assets/material-icons/raptor-blue-dye.png, Dye),
(76, Othard Blue Dye, ../../assets/material-icons/othard-blue-dye.png, Dye),
(77, Storm Blue Dye, ../../assets/material-icons/storm-blue-dye.png, Dye),
(78, Void Blue Dye, ../../assets/material-icons/void-blue-dye.png, Dye),
(79, Royal Blue Dye, ../../assets/material-icons/royal-blue-dye.png, Dye),
(80, Midnight Blue Dye, ../../assets/material-icons/midnight-blue-dye.png, Dye),
(81, Shadow Blue Dye, ../../assets/material-icons/shadow-blue-dye.png, Dye),
(82, Abyssal Blue Dye, ../../assets/material-icons/abyssal-blue-dye.png, Dye),
(83, Dragoon Blue Dye, ../../assets/material-icons/dragoon-blue-dye.png, Dye),
(84, Turquoise Blue Dye, ../../assets/material-icons/turquoise-blue-dye.png, Dye),
(85, Lavender Purple Dye, ../../assets/material-icons/lavender-purple-dye.png, Dye),
(86, Gloom Purple Dye, ../../assets/material-icons/gloom-purple-dye.png, Dye),
(87, Currant Purple Dye, ../../assets/material-icons/currant-purple-dye.png, Dye),
(88, Iris Purple Dye, ../../assets/material-icons/iris-purple-dye.png, Dye),
(89, Grape Purple Dye, ../../assets/material-icons/grape-purple-dye.png, Dye),
(90, Lotus Pink Dye, ../../assets/material-icons/lotus-pink-dye.png, Dye),
(91, Colibri Pink Dye, ../../assets/material-icons/colibri-pink-dye.png, Dye),
(92, Plum Purple Dye, ../../assets/material-icons/plum-purple-dye.png, Dye),
(93, Regal Purple Dye, ../../assets/material-icons/regal-purple-dye.png, Dye),
(94, Pure White Dye, ../../assets/material-icons/pure-white-dye.png, Dye),
(95, General-purpose Pure White Dye, ../../assets/material-icons/general-purpose-pure-white-dye.png, Dye),
(96, Jet Black Dye, ../../assets/material-icons/jet-black-dye.png, Dye),
(97, General-purpose Jet Black Dye, ../../assets/material-icons/general-purpose-jet-black-dye.png, Dye),
(98, Pastel Pink Dye, ../../assets/material-icons/pastel-pink-dye.png, Dye),
(99, General-purpose Pastel Pink Dye, ../../assets/material-icons/general-purpose-pastel-pink-dye.png, Dye),
(100, Dark Red Dye, ../../assets/material-icons/dark-red-dye.png, Dye)